split,accuracy,f1_macro,f1_weighted,support
validation,0.3474114441416894,0.17189079878665317,0.1791504919234192,1468
test,0.3474114441416894,0.17189079878665317,0.1791504919234192,734
